EVENT_ID,EVENT_TIMESTAMP,USER_ID,ACTION,AMOUNT,DEVICE,LOCATION,RISK_SCORE,IS_FRAUDULENT
41a69b9c-f25e-480d-af8c-92b3fa4da042,2026-09-27 01:51:02.955 -0700,USER_1030,LOGIN,1089,Mobile,Rome,0.71,FALSE
1aec97eb-532c-4fbd-a46a-e369de93cee5,2026-09-11 01:51:02.955 -0700,USER_1136,PASSWORD_RESET,625,Mobile,Hyderabad,0.55,FALSE
4b7fae24-6857-4865-8f4f-7e49b768a5e1,2026-09-24 01:51:02.955 -0700,USER_1083,PURCHASE,470,Desktop,Turin,0.11,FALSE
06afb4a1-8cf2-4741-9d96-1c6694ed7d30,2026-09-25 01:51:02.955 -0700,USER_1059,LOGIN,1269,Desktop,New Delhi,0.08,FALSE
833dbb05-cb33-4d4a-a86e-20523da59900,2026-09-14 01:51:02.955 -0700,USER_1057,PURCHASE,780,Tablet,New Delhi,0.63,FALSE
737786a2-b425-49c6-9bf1-0df447b9bc57,2026-09-30 01:51:02.955 -0700,USER_1048,LOGIN,871,Mobile,Rome,0.59,FALSE
c973753f-b89d-411a-8a2f-66ce0fec7e28,2026-09-30 01:51:02.955 -0700,USER_1031,PASSWORD_RESET,293,Mobile,Hyderabad,0.44,FALSE
56568f28-0e9c-4c69-9bc1-a7484b05cd1b,2026-09-16 01:51:02.955 -0700,USER_1143,LOGIN,1081,Tablet,Rome,0.61,FALSE
15c34779-e77a-4852-8c92-c2c26a119b2f,2026-09-02 01:51:02.955 -0700,USER_1016,PURCHASE,651,Desktop,Milan,0.51,FALSE
ca717aa2-5d57-47da-abf4-cfd52bf1ae98,2026-09-08 01:51:02.955 -0700,USER_1056,PASSWORD_RESET,849,Mobile,Milan,0.59,FALSE
403771c2-fb99-470e-958e-b4db38b3e0e1,2026-09-17 01:51:02.955 -0700,USER_1054,CHECKOUT,1335,Tablet,Rome,0.13,FALSE
dc85afa4-96c0-4bd3-a242-c6b4c5afc73e,2026-09-19 01:51:02.955 -0700,USER_1129,PASSWORD_RESET,1464,Desktop,Rome,0.43,FALSE
7d6eebf7-45f5-4443-95f6-38fe79895336,2026-09-18 01:51:02.955 -0700,USER_1101,PASSWORD_RESET,151,Mobile,Turin,0.05,FALSE
424d4b38-0b13-4cc7-b0bc-bf5d24c30922,2026-09-19 01:51:02.955 -0700,USER_1102,CHECKOUT,798,Desktop,Rome,0.96,TRUE
ffb83a12-0a61-4224-a86e-7ce9e46dc0e0,2026-09-05 01:51:02.955 -0700,USER_1133,LOGIN,197,Tablet,New Delhi,0.61,FALSE
b6ad4723-82a2-44e8-a63e-1ee0d459e3eb,2026-09-22 01:51:02.955 -0700,USER_1112,PURCHASE,1400,Desktop,Hyderabad,0.63,FALSE
b7cc56bd-9c0a-4396-aeec-546bc1d23b8d,2026-09-26 01:51:02.955 -0700,USER_1006,LOGIN,915,Desktop,Rome,0.95,TRUE
dde34523-6504-47eb-81ad-acfe16620558,2026-09-15 01:51:02.955 -0700,USER_1081,PASSWORD_RESET,165,Tablet,Hyderabad,0.36,FALSE
7a12fdbe-fb50-4113-8836-86944ac7a79c,2026-09-30 01:51:02.955 -0700,USER_1053,LOGIN,388,Desktop,Turin,0.91,TRUE
c6702407-f5b0-4f03-b13b-cc04e0244710,2026-09-26 01:51:02.955 -0700,USER_1043,PURCHASE,895,Desktop,Milan,0.96,TRUE
1adb23ad-a401-4a9b-a6cf-d33d894dc185,2026-09-20 01:51:02.955 -0700,USER_1042,CHECKOUT,1476,Desktop,Rome,0.01,FALSE
4addb3d1-9f29-4c7a-8aa4-69beef25376c,2026-09-15 01:51:02.955 -0700,USER_1105,LOGIN,303,Mobile,Rome,0.67,FALSE
63adc5c1-03b6-4658-97de-676bf657c38e,2026-09-20 01:51:02.955 -0700,USER_1149,CHECKOUT,1412,Desktop,Turin,0.44,FALSE
247b1583-3a39-4efc-8e47-5611e87f1daa,2026-09-29 01:51:02.955 -0700,USER_1019,CHECKOUT,1423,Mobile,Rome,0.55,FALSE
df4915d0-90d4-4684-93b6-8031f9c538de,2026-10-01 01:51:02.955 -0700,USER_1028,PASSWORD_RESET,1078,Tablet,Milan,0.80,TRUE
e534e418-104f-4d82-9432-2f8b6a43931e,2026-09-24 01:51:02.955 -0700,USER_1114,CHECKOUT,156,Tablet,Turin,0.37,FALSE
4baa485c-bf2f-40d9-89d2-6df205aa429b,2026-09-16 01:51:02.955 -0700,USER_1006,LOGIN,1251,Desktop,Hyderabad,0.76,TRUE
2a46b54b-662a-4661-b824-7240027028fb,2026-09-30 01:51:02.955 -0700,USER_1087,PURCHASE,1337,Desktop,Hyderabad,0.17,FALSE
0704e3b7-acb8-43eb-9f06-d77c4f011a72,2026-09-24 01:51:02.955 -0700,USER_1127,CHECKOUT,1472,Tablet,New Delhi,0.73,FALSE
b9e5e175-93f3-4d41-a4ab-b6ff65158eae,2026-09-14 01:51:02.955 -0700,USER_1090,CHECKOUT,1065,Mobile,Rome,0.12,FALSE
b9b04295-797b-4bc3-854a-1b362db60602,2026-09-24 01:51:02.955 -0700,USER_1029,PASSWORD_RESET,775,Desktop,Milan,0.17,FALSE
2d23a9f5-1584-4e3b-b83b-2f6dd9729485,2026-09-29 01:51:02.955 -0700,USER_1017,PASSWORD_RESET,998,Desktop,Milan,0.75,FALSE
9b1b5bba-37d8-4e3d-98f2-3b8b4c6046c5,2026-09-13 01:51:02.955 -0700,USER_1016,PURCHASE,616,Mobile,Turin,0.55,FALSE
7b5b2563-f917-4331-a479-b1f6a3fc9a36,2026-09-13 01:51:02.955 -0700,USER_1138,LOGIN,1480,Desktop,Milan,0.62,FALSE
74611741-099b-4d58-95f8-e7b732410d79,2026-09-23 01:51:02.955 -0700,USER_1010,PASSWORD_RESET,118,Tablet,Rome,0.84,TRUE
886e55ad-185b-4a8b-864e-2c353cf83874,2026-09-30 01:51:02.955 -0700,USER_1100,LOGIN,1383,Mobile,New Delhi,0.87,TRUE
d4a22c28-fca8-4711-bc96-e6b98eb4d23c,2026-09-07 01:51:02.955 -0700,USER_1010,PURCHASE,320,Desktop,Milan,0.75,FALSE
fcdd627f-5465-4203-9f04-d7cd8f34b569,2026-09-25 01:51:02.955 -0700,USER_1013,PASSWORD_RESET,1229,Desktop,New Delhi,0.68,FALSE
3a46fcf5-06f7-4fd6-8041-7037f0a9b80a,2026-09-07 01:51:02.955 -0700,USER_1091,LOGIN,1292,Tablet,Hyderabad,0.43,FALSE
76a7e050-526d-4795-be14-090a54963c79,2026-09-25 01:51:02.955 -0700,USER_1053,PURCHASE,1216,Mobile,Rome,0.91,TRUE
123bbbb7-78f2-48b3-b615-bb2eb718c922,2026-09-21 01:51:02.955 -0700,USER_1017,LOGIN,382,Tablet,Rome,0.44,FALSE
07c549cf-3945-4c18-83fa-36a0e8767d47,2026-10-01 01:51:02.955 -0700,USER_1062,LOGIN,1466,Tablet,New Delhi,0.59,FALSE
028114c1-3f7d-4086-aa35-3aaeb6de2ae6,2026-09-14 01:51:02.955 -0700,USER_1074,PASSWORD_RESET,661,Mobile,Turin,0.23,FALSE
2c41d6dd-3728-41a7-8a72-4b91f1f2b97b,2026-09-13 01:51:02.955 -0700,USER_1142,PASSWORD_RESET,845,Tablet,Turin,0.04,FALSE
473705f5-98ea-4ad6-af20-cb54eda66bf2,2026-09-14 01:51:02.955 -0700,USER_1095,CHECKOUT,729,Desktop,Milan,0.32,FALSE
2aae6a04-b720-40a5-82f2-b57441f832a3,2026-09-21 01:51:02.955 -0700,USER_1105,PASSWORD_RESET,547,Desktop,Milan,0.11,FALSE
395f6b2c-0b24-4028-9466-41b6c4cc836f,2026-09-03 01:51:02.955 -0700,USER_1126,PURCHASE,203,Mobile,Turin,0.01,FALSE
968afe63-4425-411e-be8d-49b018a05c65,2026-09-02 01:51:02.955 -0700,USER_1138,PASSWORD_RESET,1330,Desktop,Milan,0.76,TRUE
9e079aec-cff4-44f1-9319-1b6c20ee58d6,2026-09-12 01:51:02.955 -0700,USER_1058,PURCHASE,1397,Desktop,Rome,0.97,TRUE
500e112e-6540-4e20-9931-fe2a976b7b5b,2026-09-22 01:51:02.955 -0700,USER_1033,PASSWORD_RESET,151,Tablet,Milan,0.45,FALSE
e6d60b51-ab81-47d6-b889-f526883eb24a,2026-09-20 01:51:02.955 -0700,USER_1101,CHECKOUT,649,Desktop,Rome,0.48,FALSE
5501a975-dff3-4029-bc20-815ce03db870,2026-09-24 01:51:02.955 -0700,USER_1107,LOGIN,710,Desktop,Rome,0.37,FALSE
b200da5c-0268-4a53-a246-edec6605705c,2026-09-24 01:51:02.955 -0700,USER_1090,PASSWORD_RESET,337,Desktop,Milan,0.72,FALSE
bca33d75-d6f7-437f-b09b-e2b2c617fab5,2026-09-29 01:51:02.955 -0700,USER_1004,LOGIN,1172,Mobile,Hyderabad,0.99,TRUE
093baae4-0c4c-4122-8071-1c3305e03a6d,2026-09-14 01:51:02.955 -0700,USER_1022,CHECKOUT,250,Mobile,Rome,0.92,TRUE
b48ed955-18f8-4453-a79b-7e439a0b6ae6,2026-09-10 01:51:02.955 -0700,USER_1011,LOGIN,1482,Mobile,Hyderabad,0.50,FALSE
206d0132-5ae8-416a-913d-df57b734349a,2026-09-24 01:51:02.955 -0700,USER_1067,LOGIN,751,Mobile,Milan,0.86,TRUE
a3c9ef22-17fe-47dc-9c34-86405c072570,2026-09-09 01:51:02.955 -0700,USER_1074,CHECKOUT,730,Mobile,Rome,0.11,FALSE
81b3fcf3-e01c-4295-9ac5-516c6b205530,2026-09-26 01:51:02.955 -0700,USER_1067,PASSWORD_RESET,163,Tablet,New Delhi,0.95,TRUE
13e42119-9b03-4761-b2fb-c53f9f107c0f,2026-09-27 01:51:02.955 -0700,USER_1093,CHECKOUT,1406,Mobile,Hyderabad,0.13,FALSE
e5053ce9-99e2-4382-871b-2ecf7a25b8eb,2026-09-03 01:51:02.955 -0700,USER_1118,LOGIN,1098,Desktop,Rome,0.81,TRUE
d9d4f3a8-9856-4ef6-a35c-feae6a9f8af8,2026-09-25 01:51:02.955 -0700,USER_1069,CHECKOUT,17,Desktop,Turin,0.12,FALSE
04062260-9220-41bc-8d4a-6f48b5b6730d,2026-09-07 01:51:02.955 -0700,USER_1111,CHECKOUT,383,Tablet,Turin,0.53,FALSE
d984d65a-53d9-4bc4-9f4b-6ff0ec1c2d7b,2026-09-12 01:51:02.955 -0700,USER_1092,PASSWORD_RESET,711,Mobile,New Delhi,0.41,FALSE
a978a9b9-1557-496c-9030-2c2e74733dcc,2026-09-23 01:51:02.955 -0700,USER_1031,PASSWORD_RESET,1303,Desktop,Rome,0.23,FALSE
52e3f074-0b15-4728-a1ef-7a6f9d453e59,2026-09-30 01:51:02.955 -0700,USER_1098,CHECKOUT,228,Tablet,Milan,0.65,FALSE
e16547f7-fc6a-4424-be63-0ccefda7655b,2026-09-19 01:51:02.955 -0700,USER_1093,PURCHASE,757,Desktop,Hyderabad,0.16,FALSE
e499f7d5-89c7-47bb-831f-215abaf4119c,2026-09-25 01:51:02.955 -0700,USER_1000,PASSWORD_RESET,1354,Desktop,Rome,0.72,FALSE
4eb2bbcf-cb97-47f3-8ad9-534b84410cb8,2026-09-18 01:51:02.955 -0700,USER_1015,LOGIN,715,Tablet,Milan,0.49,FALSE
e9cd7ff8-7987-45a2-ae2e-b0ddc0679a9f,2026-09-04 01:51:02.955 -0700,USER_1104,LOGIN,1177,Tablet,Milan,0.81,TRUE
b9a252eb-2980-4ba5-92e8-604b9728f48b,2026-09-06 01:51:02.955 -0700,USER_1095,CHECKOUT,1325,Desktop,Milan,0.83,TRUE
22f24ff9-369f-4014-ba68-29beb2054664,2026-09-06 01:51:02.955 -0700,USER_1115,LOGIN,1142,Mobile,Turin,0.43,FALSE
edcfe062-d4d6-45c1-97e4-e9fa0856864e,2026-09-12 01:51:02.955 -0700,USER_1035,PURCHASE,599,Mobile,Rome,0.91,TRUE
32253d99-c629-41ef-80ea-9d9b08e6c12d,2026-09-22 01:51:02.955 -0700,USER_1146,CHECKOUT,1450,Mobile,Turin,0.36,FALSE
9920732c-beda-47a8-8681-6df91c161861,2026-09-10 01:51:02.955 -0700,USER_1078,LOGIN,1067,Mobile,Hyderabad,0.53,FALSE
9b192096-3be3-4eae-b68d-67b7b857f8d7,2026-09-14 01:51:02.955 -0700,USER_1129,PASSWORD_RESET,83,Desktop,New Delhi,0.08,FALSE
2db6410e-39aa-456e-9296-23078eb626b7,2026-09-09 01:51:02.955 -0700,USER_1040,LOGIN,624,Mobile,Turin,0.36,FALSE
91f87687-cd69-4bf7-85c1-6d9ef0387f01,2026-09-28 01:51:02.955 -0700,USER_1129,CHECKOUT,115,Desktop,Rome,0.03,FALSE
da492d64-188b-4fc8-a3bc-8f1682739eb6,2026-09-17 01:51:02.955 -0700,USER_1070,LOGIN,301,Tablet,Hyderabad,0.05,FALSE
a3b2d03b-e13b-4612-91ed-9c98c1b734ed,2026-09-03 01:51:02.955 -0700,USER_1030,PURCHASE,135,Desktop,Hyderabad,0.35,FALSE
2aecb9d2-825a-4f73-8ec0-ff9d1e780e0e,2026-09-12 01:51:02.955 -0700,USER_1126,CHECKOUT,1333,Mobile,Milan,0.11,FALSE
876ab855-286e-4c2e-8294-d51a663bcf20,2026-09-20 01:51:02.955 -0700,USER_1007,PASSWORD_RESET,761,Mobile,Hyderabad,0.92,TRUE
598b65f1-69de-4b1b-bc66-c7e30ad18845,2026-09-02 01:51:02.955 -0700,USER_1149,PURCHASE,1421,Desktop,Hyderabad,0.71,FALSE
d3eaa809-4174-4ce2-b8c7-557237d114fc,2026-09-22 01:51:02.955 -0700,USER_1000,PASSWORD_RESET,790,Tablet,Milan,0.57,FALSE
3c9e2d78-e56b-4b95-bc5a-7124a093d989,2026-09-06 01:51:02.955 -0700,USER_1017,PURCHASE,898,Mobile,Milan,0.60,FALSE
d5dfb9f2-5609-4949-aca6-91dd5a2c347b,2026-09-27 01:51:02.955 -0700,USER_1066,CHECKOUT,1338,Tablet,Hyderabad,0.65,FALSE
cc3e7d3d-ab1d-4af5-adec-916f55aec8ac,2026-09-20 01:51:02.955 -0700,USER_1114,CHECKOUT,1343,Mobile,Turin,0.49,FALSE
7e44d6a2-7b48-4fad-9640-0cbc0fa24bc6,2026-10-01 01:51:02.955 -0700,USER_1072,PASSWORD_RESET,475,Tablet,Hyderabad,0.88,TRUE
4e7df14d-2683-4448-9a48-0ed6617f1cec,2026-09-20 01:51:02.955 -0700,USER_1137,LOGIN,234,Mobile,Milan,0.50,FALSE
9b303c09-749c-4b70-850e-23d40901d5aa,2026-09-19 01:51:02.955 -0700,USER_1127,LOGIN,1338,Mobile,Hyderabad,0.58,FALSE
848bc441-cc59-4e12-8564-bad07d5e2dec,2026-09-26 01:51:02.955 -0700,USER_1113,CHECKOUT,1110,Mobile,Rome,0.25,FALSE
2f105b2d-ee62-46d8-a3ea-288ad9b92862,2026-09-07 01:51:02.955 -0700,USER_1050,CHECKOUT,315,Desktop,Turin,0.80,TRUE
5549eacc-ca3f-4260-a89f-f53b53c067f5,2026-09-21 01:51:02.955 -0700,USER_1145,PASSWORD_RESET,499,Desktop,Hyderabad,0.02,FALSE
306bd80d-a4c9-4047-90d3-2166f344519b,2026-09-27 01:51:02.955 -0700,USER_1148,PURCHASE,870,Tablet,Turin,0.41,FALSE
630b1a2e-ffb6-4114-929a-5b9ec2366894,2026-09-19 01:51:02.955 -0700,USER_1058,LOGIN,296,Tablet,Milan,0.45,FALSE
dc4e6dbb-9f1d-47d2-ab62-38a86973c9bb,2026-09-06 01:51:02.955 -0700,USER_1065,PASSWORD_RESET,383,Tablet,Hyderabad,0.53,FALSE
bb64bb56-8d2a-4784-a16c-1f9d4894625e,2026-09-20 01:51:02.955 -0700,USER_1098,PASSWORD_RESET,848,Desktop,Milan,0.11,FALSE
e3603b08-e0cc-49b7-a9b5-1a5b4f1b477f,2026-09-02 01:51:02.955 -0700,USER_1132,CHECKOUT,187,Mobile,Hyderabad,0.45,FALSE
347b5b8e-e574-4420-b3bc-5c607169bcef,2026-09-02 01:51:02.955 -0700,USER_1146,PASSWORD_RESET,1050,Desktop,New Delhi,0.39,FALSE
7af7efa4-a531-451e-98fe-362cda0b16e9,2026-09-05 01:51:02.955 -0700,USER_1034,PASSWORD_RESET,1373,Mobile,Rome,0.07,FALSE
30741c8f-3e40-4110-bf17-aeb9d83bdaac,2026-09-02 01:51:02.955 -0700,USER_1123,PURCHASE,667,Mobile,Hyderabad,0.53,FALSE
32d86980-e8d0-4b10-891c-763bc848666a,2026-09-20 01:51:02.955 -0700,USER_1120,PASSWORD_RESET,1039,Tablet,Milan,0.09,FALSE
a073802b-e138-48d2-ad0b-a428cbcbcf7c,2026-09-09 01:51:02.955 -0700,USER_1105,LOGIN,40,Mobile,Hyderabad,0.09,FALSE
d3ed1dd6-47ef-4ee7-b38d-19d0f5c48ab5,2026-09-06 01:51:02.955 -0700,USER_1108,CHECKOUT,1267,Desktop,Turin,0.33,FALSE
a5a2721a-5e08-4b84-afca-56bc44445e5a,2026-09-25 01:51:02.955 -0700,USER_1081,LOGIN,363,Desktop,Hyderabad,0.66,FALSE
1253a573-1168-4b52-9cca-03b72f60ec2e,2026-10-01 01:51:02.955 -0700,USER_1019,PASSWORD_RESET,85,Mobile,Turin,0.02,FALSE
f2d5aee1-413d-40d7-9ae2-669453a33680,2026-09-17 01:51:02.955 -0700,USER_1097,CHECKOUT,766,Desktop,New Delhi,0.05,FALSE
561e9119-f90b-430a-ba29-680312a83eb9,2026-09-18 01:51:02.955 -0700,USER_1020,LOGIN,315,Mobile,Milan,0.04,FALSE
51bbde71-55a0-4176-866a-00cdc10049c7,2026-09-12 01:51:02.955 -0700,USER_1033,CHECKOUT,1366,Desktop,Milan,0.33,FALSE
79a97664-8358-4d0d-97a4-9b6eb5d42651,2026-09-05 01:51:02.955 -0700,USER_1049,PURCHASE,868,Mobile,Hyderabad,0.28,FALSE
1b337fc5-fb41-4786-8fed-0c7fdbc7efa8,2026-09-30 01:51:02.955 -0700,USER_1082,CHECKOUT,11,Mobile,Hyderabad,0.06,FALSE
e04c5db4-dc50-41cf-892d-afcffcee00ca,2026-09-16 01:51:02.955 -0700,USER_1149,PURCHASE,745,Mobile,Rome,0.74,FALSE
df4bb96f-6d9c-404c-a7b9-77b6b57977e9,2026-09-21 01:51:02.955 -0700,USER_1075,PASSWORD_RESET,1251,Tablet,Rome,0.63,FALSE
e30cb1bd-94fa-4555-b3a1-8ac5a011be58,2026-09-10 01:51:02.955 -0700,USER_1117,PASSWORD_RESET,1092,Tablet,Rome,0.76,TRUE
cb34fb38-0e19-4bd7-9081-f9d48a76ec41,2026-09-19 01:51:02.955 -0700,USER_1000,PASSWORD_RESET,1312,Desktop,Turin,0.48,FALSE
c1eb772e-5fdb-41a6-83b0-7e4c6d3fa115,2026-09-18 01:51:02.955 -0700,USER_1147,PURCHASE,109,Mobile,Milan,0.37,FALSE
c1509e97-3981-44a4-9df1-d2eb929ed011,2026-09-26 01:51:02.955 -0700,USER_1061,LOGIN,1415,Mobile,Milan,0.68,FALSE
2f853ca0-386a-44df-b0c8-4a602ffa2bc6,2026-09-12 01:51:02.955 -0700,USER_1036,CHECKOUT,412,Tablet,Hyderabad,0.56,FALSE
2c06ce13-d715-4008-94ef-05aa8900ba46,2026-09-26 01:51:02.955 -0700,USER_1034,CHECKOUT,768,Desktop,New Delhi,0.16,FALSE
5df9ddba-02cc-4638-a8d5-75a61b6c23e3,2026-09-10 01:51:02.955 -0700,USER_1103,CHECKOUT,1271,Tablet,Turin,0.23,FALSE
5967e799-b4bf-4994-b29a-6fb8da52ffc6,2026-09-25 01:51:02.955 -0700,USER_1086,PURCHASE,611,Mobile,Hyderabad,0.41,FALSE
8c84a1fb-8744-46a3-83b1-b2d715976131,2026-09-19 01:51:02.955 -0700,USER_1047,PASSWORD_RESET,1207,Tablet,New Delhi,0.38,FALSE
87788957-dfe2-402d-81c6-6e48d7bd7fcc,2026-09-23 01:51:02.955 -0700,USER_1066,LOGIN,82,Tablet,New Delhi,0.38,FALSE
bc976e40-d1c7-48b2-895b-9cac9c2bf15f,2026-09-11 01:51:02.955 -0700,USER_1150,PASSWORD_RESET,831,Mobile,Turin,0.21,FALSE
965acb4a-4359-4a24-93fe-b58106e55dfc,2026-09-23 01:51:02.955 -0700,USER_1121,LOGIN,372,Desktop,Milan,0.54,FALSE
b78e06f2-e714-438c-8b11-0d16eaa092c8,2026-09-07 01:51:02.955 -0700,USER_1009,PURCHASE,725,Desktop,New Delhi,0.98,TRUE
b6d7b69a-65c6-408e-b698-b13005806a4e,2026-09-02 01:51:02.955 -0700,USER_1036,PURCHASE,1331,Tablet,Milan,0.36,FALSE
5aaa5749-3b20-4021-8e67-7e5c0a69c42f,2026-09-28 01:51:02.955 -0700,USER_1007,PASSWORD_RESET,549,Desktop,Rome,0.48,FALSE
12495f66-6b76-47ee-89cf-a5f3bfc395a3,2026-09-09 01:51:02.955 -0700,USER_1079,PURCHASE,663,Tablet,Milan,0.53,FALSE
b8000665-fef9-4f9d-a1e6-6234d3692e6a,2026-09-18 01:51:02.955 -0700,USER_1014,PURCHASE,161,Tablet,Turin,0.40,FALSE
a8f34ce1-342d-451e-9a7d-998cb8ab8815,2026-09-08 01:51:02.955 -0700,USER_1009,LOGIN,55,Mobile,Rome,0.66,FALSE
604f2563-ca24-40c1-965b-7b0a50960603,2026-09-28 01:51:02.955 -0700,USER_1125,PURCHASE,547,Mobile,Rome,0.95,TRUE
ab243a48-3af0-4de2-a096-2fa5aea8c77c,2026-09-29 01:51:02.955 -0700,USER_1132,CHECKOUT,97,Mobile,Milan,0.99,TRUE
347e115f-6fdf-4a54-8844-b48ee84db9ee,2026-09-05 01:51:02.955 -0700,USER_1037,PURCHASE,722,Mobile,Hyderabad,0.47,FALSE
865fefab-560e-4748-97e3-d4935b0f74ec,2026-09-03 01:51:02.955 -0700,USER_1111,PURCHASE,229,Tablet,New Delhi,0.27,FALSE
7ebafbbb-d409-4ed1-90da-eb54f2389c02,2026-09-18 01:51:02.955 -0700,USER_1021,LOGIN,707,Desktop,Rome,0.80,TRUE
d2721bbd-bd94-40a7-9b5d-386df5240a0b,2026-09-20 01:51:02.955 -0700,USER_1136,CHECKOUT,1487,Desktop,Hyderabad,0.94,TRUE
5eef9052-1fc0-4bb2-86f7-682e87d38f2e,2026-09-05 01:51:02.955 -0700,USER_1122,PURCHASE,1180,Tablet,Turin,0.27,FALSE
7af6393f-b38a-4f0a-a47a-eb084f739612,2026-09-16 01:51:02.955 -0700,USER_1102,CHECKOUT,980,Mobile,Milan,0.17,FALSE
c73f283e-7149-4755-b757-b4843953c854,2026-09-18 01:51:02.955 -0700,USER_1015,PASSWORD_RESET,1446,Desktop,Hyderabad,0.32,FALSE
1fbc91fa-6eb9-4392-97a7-c0029aa63487,2026-09-26 01:51:02.955 -0700,USER_1145,CHECKOUT,1286,Tablet,Turin,0.32,FALSE
e54372a0-c57c-49d1-9a6e-0ac84e9f55b1,2026-09-16 01:51:02.955 -0700,USER_1067,PURCHASE,1015,Mobile,Milan,0.23,FALSE
6b2a4332-df39-46de-8e1d-5241f518d5b3,2026-09-17 01:51:02.955 -0700,USER_1112,CHECKOUT,851,Tablet,New Delhi,0.43,FALSE
7336f780-6c72-4ac7-a644-85e190f00433,2026-09-18 01:51:02.955 -0700,USER_1019,PURCHASE,472,Desktop,Milan,0.09,FALSE
6bee623d-82b0-4aad-b964-792ac0d27a06,2026-10-01 01:51:02.955 -0700,USER_1030,LOGIN,304,Tablet,Hyderabad,0.18,FALSE
129d4812-cc7e-42b1-91ac-7d1c6c3c8ac5,2026-09-29 01:51:02.955 -0700,USER_1011,PURCHASE,236,Desktop,New Delhi,0.66,FALSE
9fa0d157-9344-4e54-a7a3-d0ebf2772a64,2026-09-18 01:51:02.955 -0700,USER_1003,PASSWORD_RESET,576,Desktop,New Delhi,0.56,FALSE
73ebf6c4-0644-4407-bf18-032186894ec9,2026-09-05 01:51:02.955 -0700,USER_1048,PURCHASE,1205,Tablet,Turin,0.47,FALSE
eab6e87f-fe86-4616-a1d4-2b732d0df8f9,2026-09-04 01:51:02.955 -0700,USER_1098,PURCHASE,307,Tablet,Turin,0.71,FALSE
e71cef50-f8af-4f53-81fe-610cc0de63e8,2026-09-28 01:51:02.955 -0700,USER_1035,PURCHASE,609,Tablet,Hyderabad,0.72,FALSE
40e2ea4f-4df7-4c06-948a-85edc3f8469d,2026-09-04 01:51:02.955 -0700,USER_1062,LOGIN,1403,Desktop,Hyderabad,0.56,FALSE
ad2d100a-86bf-423b-b516-71aeba5f76ff,2026-09-03 01:51:02.955 -0700,USER_1129,PURCHASE,488,Tablet,Hyderabad,0.88,TRUE
e3249c40-072b-48c1-8f01-93404a3cc2bc,2026-09-24 01:51:02.955 -0700,USER_1058,PASSWORD_RESET,272,Tablet,New Delhi,0.03,FALSE
4e5513ac-c509-408c-ad06-59f7205f0168,2026-09-20 01:51:02.955 -0700,USER_1034,PASSWORD_RESET,766,Desktop,Turin,0.48,FALSE
9f8ae8c5-9e9c-488c-a9ca-62bdf7b291de,2026-09-12 01:51:02.955 -0700,USER_1009,PURCHASE,994,Tablet,Turin,0.07,FALSE
df712828-ba54-4747-a746-73104abcc438,2026-09-13 01:51:02.955 -0700,USER_1119,CHECKOUT,1014,Tablet,Milan,0.74,FALSE
bab0bc54-fd70-4082-9c8c-8f4b489c02f4,2026-09-08 01:51:02.955 -0700,USER_1070,CHECKOUT,662,Tablet,Hyderabad,0.97,TRUE
99581901-e480-4a90-9769-be9773ebaec1,2026-09-14 01:51:02.955 -0700,USER_1096,LOGIN,531,Mobile,Turin,0.82,TRUE
8bffc827-29a8-4097-a601-466c918cb56f,2026-09-27 01:51:02.955 -0700,USER_1108,CHECKOUT,364,Mobile,New Delhi,0.48,FALSE
c1d0d2f2-d6f6-4b84-bb99-3ea016a4f4b8,2026-09-13 01:51:02.955 -0700,USER_1113,LOGIN,1218,Tablet,Rome,0.91,TRUE
cddc4a4a-6f6c-4c96-98b2-2de2a5c7d7e3,2026-09-22 01:51:02.955 -0700,USER_1007,PURCHASE,1078,Tablet,New Delhi,0.63,FALSE
384cc9ce-41e9-49ed-a336-9268f1cd00e4,2026-09-25 01:51:02.955 -0700,USER_1125,LOGIN,865,Tablet,Rome,0.39,FALSE
c7c281ef-a0e9-4610-abfa-f8cdba75662d,2026-09-06 01:51:02.955 -0700,USER_1027,CHECKOUT,895,Mobile,Turin,0.58,FALSE
249a51d2-08bc-4ead-bb64-e42b7285898b,2026-09-19 01:51:02.955 -0700,USER_1038,PURCHASE,591,Mobile,Rome,0.89,TRUE
25c9cf5d-3b6c-44a7-8934-487a51fc748b,2026-09-23 01:51:02.955 -0700,USER_1137,LOGIN,878,Desktop,Turin,0.33,FALSE
7c843180-f007-4cbd-ba25-a6fe167c73ea,2026-09-07 01:51:02.955 -0700,USER_1121,PURCHASE,353,Tablet,New Delhi,0.13,FALSE
eb50463b-7a24-483a-a3c2-fc5c683278bb,2026-09-07 01:51:02.955 -0700,USER_1094,CHECKOUT,162,Desktop,New Delhi,0.62,FALSE
305b5414-4194-4117-bec2-b6dccc6dc6c5,2026-09-10 01:51:02.955 -0700,USER_1039,LOGIN,867,Desktop,Turin,0.81,TRUE
92ab6c3c-9ac2-42e6-8cda-3f20b7799f25,2026-09-05 01:51:02.955 -0700,USER_1001,PURCHASE,1082,Tablet,Rome,0.99,TRUE
4842d8c0-6219-4ff5-b7f8-30ddb35d1271,2026-09-22 01:51:02.955 -0700,USER_1047,PURCHASE,1438,Tablet,Rome,0.04,FALSE
a6f51a8b-76a8-41bc-995d-f3142e86a15e,2026-09-15 01:51:02.955 -0700,USER_1042,PURCHASE,1234,Desktop,Hyderabad,0.16,FALSE
71be940d-cb81-46b9-a843-1b21e8c81487,2026-09-28 01:51:02.955 -0700,USER_1148,PASSWORD_RESET,544,Desktop,Rome,0.29,FALSE
5edaa1b9-afe9-4877-b99c-ed7e63eb0fab,2026-09-16 01:51:02.955 -0700,USER_1079,PURCHASE,1168,Mobile,Milan,0.32,FALSE
a704ad4f-078f-4c16-a6f6-089a5a74615b,2026-09-13 01:51:02.955 -0700,USER_1113,CHECKOUT,532,Mobile,New Delhi,0.89,TRUE
b8200ebf-5cb6-499e-9cfe-07a1f3aa8a90,2026-09-07 01:51:02.955 -0700,USER_1149,CHECKOUT,1428,Desktop,Milan,0.52,FALSE
d4da2b46-de38-4e16-bc44-aa316f24b07c,2026-09-28 01:51:02.955 -0700,USER_1082,LOGIN,62,Desktop,Hyderabad,0.03,FALSE
cf4e407a-a8ff-4788-90e3-fd756e355270,2026-09-12 01:51:02.955 -0700,USER_1068,PASSWORD_RESET,1424,Mobile,New Delhi,0.94,TRUE
5516b828-beec-4af0-93fd-1ee4a42a256b,2026-09-17 01:51:02.955 -0700,USER_1020,CHECKOUT,783,Desktop,Hyderabad,0.80,TRUE
11c71eaa-3a68-48fe-b4c7-4e8ab55ca644,2026-09-19 01:51:02.955 -0700,USER_1088,PASSWORD_RESET,606,Mobile,Hyderabad,0.06,FALSE
66e2ce86-5574-4e00-9fae-a7998a7e02cd,2026-09-05 01:51:02.955 -0700,USER_1000,PASSWORD_RESET,1412,Mobile,Hyderabad,0.70,FALSE
9319c474-9fe1-4555-958a-1f9ee9448c82,2026-09-22 01:51:02.955 -0700,USER_1034,CHECKOUT,1359,Tablet,Rome,0.29,FALSE
55987fd8-4247-4f52-a79d-6204b37883d4,2026-09-10 01:51:02.955 -0700,USER_1013,PURCHASE,1016,Desktop,Hyderabad,0.58,FALSE
4f83bbe3-5032-42c1-8be3-bc8abd561570,2026-09-15 01:51:02.955 -0700,USER_1019,PASSWORD_RESET,779,Tablet,Hyderabad,0.64,FALSE
61c8c761-c64d-4e3e-8e9b-d47da24c49f6,2026-09-11 01:51:02.955 -0700,USER_1141,PASSWORD_RESET,1046,Tablet,New Delhi,0.99,TRUE
a81d3af6-7380-4fd3-abfc-f4544aaebd4b,2026-09-12 01:51:02.955 -0700,USER_1008,CHECKOUT,371,Mobile,Turin,0.20,FALSE
e0cb103b-79bd-4652-b1fd-21e02af0b8b8,2026-09-28 01:51:02.955 -0700,USER_1081,PASSWORD_RESET,1307,Tablet,Rome,0.17,FALSE
d1db5ae0-1d3a-47c9-8fe6-23c9aa41cbd2,2026-09-22 01:51:02.955 -0700,USER_1120,CHECKOUT,597,Tablet,Turin,0.91,TRUE
49640dd8-5fda-4a61-b33d-f80b8bad9107,2026-09-05 01:51:02.955 -0700,USER_1080,PURCHASE,1479,Tablet,Hyderabad,0.96,TRUE
be1aa3e6-c74f-447b-95ca-284521375366,2026-09-27 01:51:02.955 -0700,USER_1069,PURCHASE,291,Mobile,Hyderabad,0.78,TRUE
6c12565d-16e0-4021-b973-b421c376897a,2026-09-22 01:51:02.955 -0700,USER_1044,PASSWORD_RESET,847,Tablet,Milan,0.72,FALSE
f273face-0210-4147-b0be-396ee148ef7d,2026-09-30 01:51:02.955 -0700,USER_1007,PURCHASE,47,Mobile,Turin,0.92,TRUE
e34eb46b-1873-4485-9801-1c2c69313dc4,2026-09-16 01:51:02.955 -0700,USER_1093,LOGIN,789,Tablet,Rome,0.10,FALSE
a535ec3d-6e81-4b0e-aecf-bc4c6cde8cfa,2026-09-12 01:51:02.955 -0700,USER_1104,LOGIN,656,Desktop,Rome,0.14,FALSE
922b7371-2abe-4b6f-aca3-aaa9ef7efa72,2026-09-13 01:51:02.955 -0700,USER_1000,PASSWORD_RESET,698,Mobile,Turin,0.45,FALSE
fa12a559-81f1-4ffb-8830-2bf57732b75a,2026-09-09 01:51:02.955 -0700,USER_1096,LOGIN,154,Mobile,Hyderabad,0.39,FALSE
2b3c0ad3-d8df-42c4-b80c-7e6fcd63dfc2,2026-09-05 01:51:02.955 -0700,USER_1121,LOGIN,289,Mobile,New Delhi,0.06,FALSE
1e05bd4b-6113-48ef-a4fb-b551b584b7f5,2026-09-13 01:51:02.955 -0700,USER_1077,PASSWORD_RESET,619,Desktop,Hyderabad,0.88,TRUE
0a29d202-8810-45aa-bd4b-c74b94a11ed9,2026-09-19 01:51:02.955 -0700,USER_1110,PASSWORD_RESET,640,Mobile,New Delhi,0.75,FALSE
864fc386-814b-4c84-baa2-fdbd9e2e241c,2026-09-16 01:51:02.955 -0700,USER_1115,PURCHASE,184,Tablet,Rome,0.31,FALSE
7015605d-4085-4b1e-96e2-6616ac76a1c4,2026-09-22 01:51:02.955 -0700,USER_1059,PURCHASE,1248,Tablet,Rome,0.74,FALSE
73ac5f62-d48e-4534-b7c3-516997ebf144,2026-09-15 01:51:02.955 -0700,USER_1000,PASSWORD_RESET,493,Desktop,New Delhi,0.90,TRUE
03ca8113-6227-4fc9-868e-7ad0fe0bbd42,2026-09-26 01:51:02.955 -0700,USER_1031,LOGIN,697,Tablet,Turin,0.16,FALSE
5f4fa1ac-9f56-4e66-a08f-f28238ca9e38,2026-09-11 01:51:02.955 -0700,USER_1044,PURCHASE,906,Mobile,Rome,0.58,FALSE
51201137-fcfa-42fc-8e81-605d93d305ee,2026-09-29 01:51:02.955 -0700,USER_1099,LOGIN,1494,Desktop,Milan,0.03,FALSE
1ced1fd5-ff4b-4ca9-a965-ba2da1814a28,2026-09-14 01:51:02.955 -0700,USER_1145,PURCHASE,851,Desktop,New Delhi,0.27,FALSE
567b0467-3f74-4876-a80a-588a58357c82,2026-09-17 01:51:02.955 -0700,USER_1025,CHECKOUT,984,Desktop,Rome,0.54,FALSE
175dc4f2-f30c-4202-8a21-263c3d5f6135,2026-09-22 01:51:02.955 -0700,USER_1019,PASSWORD_RESET,663,Desktop,New Delhi,0.35,FALSE
1933bd82-e947-48e2-8141-f4a8d874ccc4,2026-09-13 01:51:02.955 -0700,USER_1121,PASSWORD_RESET,445,Tablet,New Delhi,0.44,FALSE
edaae453-4900-46c9-b6ad-95340226db10,2026-09-14 01:51:02.955 -0700,USER_1035,CHECKOUT,830,Tablet,New Delhi,0.75,FALSE
d0fb6a74-73cb-4510-a8d3-1e90d0ba09e0,2026-09-10 01:51:02.955 -0700,USER_1103,PURCHASE,763,Desktop,Hyderabad,0.19,FALSE
e76cbf64-7d72-441a-9a72-7eeafdddc138,2026-09-02 01:51:02.955 -0700,USER_1001,PURCHASE,759,Mobile,Turin,0.92,TRUE
f90ee318-1318-4c05-b45b-bb4b296e9761,2026-09-05 01:51:02.955 -0700,USER_1150,PURCHASE,641,Desktop,Hyderabad,0.90,TRUE
ea5f2408-bde6-47e7-809b-9ab3aae2e8db,2026-10-01 01:51:02.955 -0700,USER_1149,PURCHASE,179,Desktop,Milan,0.48,FALSE
a725b326-39bc-41f7-a151-0f20027288c3,2026-09-17 01:51:02.955 -0700,USER_1037,CHECKOUT,997,Tablet,New Delhi,0.90,TRUE
f8d8c923-0656-4245-9762-c3c877c6ab82,2026-09-04 01:51:02.955 -0700,USER_1118,PASSWORD_RESET,995,Desktop,Turin,0.79,TRUE
995bcc98-8703-439a-b210-9c2f6f843e7d,2026-09-12 01:51:02.955 -0700,USER_1048,PURCHASE,256,Desktop,New Delhi,0.16,FALSE
9ffc70e9-f492-4a58-a6ef-1f3e850ba08f,2026-09-24 01:51:02.955 -0700,USER_1054,LOGIN,1023,Desktop,Turin,0.22,FALSE
3feea7bb-0229-4821-bae0-3a7c7485c486,2026-09-12 01:51:02.955 -0700,USER_1080,PURCHASE,692,Mobile,Turin,0.96,TRUE
9528df47-b084-4246-a5ad-a6396f44dce0,2026-09-14 01:51:02.955 -0700,USER_1024,CHECKOUT,506,Mobile,Milan,0.28,FALSE
0dcfdfca-0c11-4e08-b638-3eefac14f506,2026-09-27 01:51:02.955 -0700,USER_1134,PURCHASE,426,Desktop,New Delhi,0.85,TRUE
7cec9fa2-2422-4cd7-b7fc-4c4912a0cc63,2026-09-07 01:51:02.955 -0700,USER_1105,PASSWORD_RESET,314,Desktop,Milan,0.86,TRUE
2275cbae-60a2-47aa-8a7a-98b22b2a0cb9,2026-09-06 01:51:02.955 -0700,USER_1047,PASSWORD_RESET,964,Mobile,New Delhi,0.96,TRUE
414fb30d-48c6-4233-8c12-7740b88b3b1e,2026-09-17 01:51:02.955 -0700,USER_1121,LOGIN,244,Tablet,Turin,0.44,FALSE
7c7146a9-f4c8-4173-8a77-aae8df0d8eb9,2026-09-30 01:51:02.955 -0700,USER_1116,LOGIN,74,Tablet,Milan,0.84,TRUE
dd14d451-6643-485b-bcec-2c4d952d9e35,2026-09-21 01:51:02.955 -0700,USER_1045,PURCHASE,615,Tablet,Milan,0.86,TRUE
0eaadcaa-a76d-42db-a376-83be94f75597,2026-09-12 01:51:02.955 -0700,USER_1017,CHECKOUT,492,Mobile,Rome,0.99,TRUE
e56293ef-a0bc-4a7a-aa67-a2efb0c88443,2026-09-24 01:51:02.955 -0700,USER_1107,PURCHASE,288,Desktop,Hyderabad,0.15,FALSE
9828d1c8-a3bb-4b71-8f9d-6028cc97c9d0,2026-09-08 01:51:02.955 -0700,USER_1139,PASSWORD_RESET,201,Tablet,New Delhi,0.70,FALSE
e46591d1-85be-4406-8283-ef02eee4bde5,2026-09-25 01:51:02.955 -0700,USER_1125,CHECKOUT,1397,Tablet,New Delhi,0.89,TRUE
f18f9aa9-a3ba-4f0d-a87d-d159c1cf3f30,2026-09-09 01:51:02.955 -0700,USER_1126,CHECKOUT,811,Desktop,Rome,0.54,FALSE
c28fc1a6-8478-49c9-abb2-3459e01b48b9,2026-10-01 01:51:02.955 -0700,USER_1052,CHECKOUT,755,Mobile,New Delhi,0.79,TRUE
a2e260cc-7bf9-428e-977b-b003ad9d9150,2026-09-16 01:51:02.955 -0700,USER_1125,PURCHASE,155,Mobile,New Delhi,0.69,FALSE
697c5ea6-2c2f-4835-9635-d8c969484096,2026-09-14 01:51:02.955 -0700,USER_1045,PASSWORD_RESET,749,Mobile,Hyderabad,0.55,FALSE
3f4f8e71-8100-46a2-acb3-063f37b59255,2026-09-03 01:51:02.955 -0700,USER_1059,CHECKOUT,349,Mobile,New Delhi,0.86,TRUE
4f5732fa-a45d-4397-852f-e96633651ed8,2026-09-12 01:51:02.955 -0700,USER_1013,PURCHASE,1452,Desktop,Milan,0.84,TRUE
6b2464c5-6d29-4086-9122-2f23332591ae,2026-09-09 01:51:02.955 -0700,USER_1025,LOGIN,241,Tablet,Rome,0.94,TRUE
f7c7d5b3-b1e6-4b12-86d7-2ddff0a6bd42,2026-09-08 01:51:02.955 -0700,USER_1034,PURCHASE,1409,Tablet,New Delhi,0.75,FALSE
b8760884-0b79-48c0-bfa1-7ea5dfd972e5,2026-09-09 01:51:02.955 -0700,USER_1116,PASSWORD_RESET,262,Mobile,Rome,0.63,FALSE
41b9e408-b7e6-4dc4-b80e-7fef0d03e657,2026-09-21 01:51:02.955 -0700,USER_1106,PURCHASE,708,Tablet,New Delhi,0.49,FALSE
a833d6bd-d344-4586-97fe-fe688ef13364,2026-09-17 01:51:02.955 -0700,USER_1058,PURCHASE,338,Mobile,Rome,0.26,FALSE
0bf0cd67-5a8e-43b9-a5d8-f810b74895c2,2026-09-07 01:51:02.955 -0700,USER_1058,PURCHASE,1211,Desktop,New Delhi,0.56,FALSE
584121c1-f565-4c51-bcab-4a2f73f15df4,2026-09-22 01:51:02.955 -0700,USER_1105,PURCHASE,693,Desktop,Milan,0.28,FALSE
049693ff-0141-41fc-9ed0-a5d650ddcb60,2026-09-26 01:51:02.955 -0700,USER_1034,LOGIN,78,Tablet,Turin,0.35,FALSE
2a3f664a-65ae-42e3-a007-fcac39f5ab73,2026-09-04 01:51:02.955 -0700,USER_1012,PURCHASE,121,Mobile,Hyderabad,0.34,FALSE
bc210e5e-5f52-49df-af9c-ce2cd2f89f8b,2026-09-21 01:51:02.955 -0700,USER_1039,PASSWORD_RESET,533,Desktop,Milan,0.83,TRUE
e975f7a0-d124-424d-842a-99a46d20bbd7,2026-09-24 01:51:02.955 -0700,USER_1113,PASSWORD_RESET,1179,Mobile,Turin,0.04,FALSE
02a21c54-a7b6-4e60-a888-ca3f6e435e9e,2026-09-10 01:51:02.955 -0700,USER_1126,CHECKOUT,1016,Tablet,Milan,0.60,FALSE
e4c0298b-2bd7-47fb-bcb3-1856d7a89db5,2026-09-20 01:51:02.955 -0700,USER_1065,PASSWORD_RESET,756,Tablet,Rome,0.57,FALSE
6ff3fa7c-0378-4caa-bc8a-7cd16b315bb8,2026-09-27 01:51:02.955 -0700,USER_1101,PURCHASE,962,Mobile,New Delhi,0.82,TRUE
b3d25da1-e5ff-451f-8557-65bd4901d7be,2026-09-10 01:51:02.955 -0700,USER_1121,PURCHASE,169,Tablet,New Delhi,0.92,TRUE
c62d2f14-af33-4cd7-830b-fa5386965a0f,2026-09-06 01:51:02.955 -0700,USER_1133,LOGIN,1001,Desktop,Turin,0.17,FALSE
fc10372a-bdd3-439a-9cc2-2d31792f4dbc,2026-09-03 01:51:02.955 -0700,USER_1047,PASSWORD_RESET,279,Desktop,New Delhi,0.43,FALSE
701e1375-30da-4205-8c57-7ac741bd190a,2026-09-22 01:51:02.955 -0700,USER_1130,PASSWORD_RESET,1055,Desktop,Rome,0.50,FALSE
0d9a4c0a-8018-4e6b-af3c-e188065282a8,2026-09-06 01:51:02.955 -0700,USER_1113,PURCHASE,1105,Mobile,New Delhi,0.28,FALSE
322bfd7d-c02c-487a-9b5b-3a56bf6c8122,2026-09-18 01:51:02.955 -0700,USER_1115,PURCHASE,25,Tablet,Turin,0.24,FALSE
d1c1fec1-b1a0-4b0a-8870-4210f5499bf7,2026-09-09 01:51:02.955 -0700,USER_1063,PURCHASE,881,Mobile,New Delhi,0.08,FALSE
27deeda8-0692-4e30-be40-35d9e65a5968,2026-09-09 01:51:02.955 -0700,USER_1074,PURCHASE,109,Desktop,Hyderabad,0.87,TRUE
114d8460-7e14-4813-92f9-4678fb64c44f,2026-09-15 01:51:02.955 -0700,USER_1011,LOGIN,568,Desktop,Hyderabad,0.73,FALSE
6be34a47-303c-4ecb-b8d4-5664d5410727,2026-09-27 01:51:02.955 -0700,USER_1037,CHECKOUT,1233,Tablet,Turin,0.86,TRUE
72c38e69-14c0-4ead-9b0c-1bb12e7b9ca3,2026-09-12 01:51:02.955 -0700,USER_1010,CHECKOUT,646,Mobile,New Delhi,0.69,FALSE
5ed84725-ea4b-4099-a009-4926e6e8247b,2026-09-23 01:51:02.955 -0700,USER_1106,CHECKOUT,964,Mobile,Milan,0.48,FALSE
a63b28f7-28cb-464d-9130-84f966a4d284,2026-09-15 01:51:02.955 -0700,USER_1019,PURCHASE,1014,Desktop,Turin,0.76,TRUE
544fa69b-ff10-43ad-8a3a-8aec8125dd47,2026-09-02 01:51:02.955 -0700,USER_1129,LOGIN,577,Tablet,Rome,0.17,FALSE
2aeea56a-979d-476a-b5f6-dc1fa5f324bd,2026-09-12 01:51:02.955 -0700,USER_1112,CHECKOUT,1120,Desktop,Milan,0.60,FALSE
43dee2be-3ae1-408b-afae-345dd519e9ce,2026-09-19 01:51:02.955 -0700,USER_1109,CHECKOUT,266,Desktop,New Delhi,0.43,FALSE
40e72b26-70e7-4904-9588-5a8a538ecbb7,2026-09-12 01:51:02.955 -0700,USER_1041,LOGIN,1309,Tablet,Turin,0.44,FALSE
d690f1a9-217c-4619-b3d6-633e64407b37,2026-09-21 01:51:02.955 -0700,USER_1061,PASSWORD_RESET,148,Mobile,Turin,0.95,TRUE
f96baaeb-c225-4cbd-a07b-6939bb58ac05,2026-09-14 01:51:02.955 -0700,USER_1016,LOGIN,838,Tablet,Rome,0.90,TRUE
292dbf0a-d057-4b74-9b95-8ceb01a695af,2026-09-02 01:51:02.955 -0700,USER_1079,PASSWORD_RESET,1267,Desktop,Milan,0.38,FALSE
1ea40512-1afa-4307-8297-5605eba2693b,2026-09-29 01:51:02.955 -0700,USER_1134,PURCHASE,819,Mobile,New Delhi,0.62,FALSE
1204578a-3fab-4a05-a68b-ddce59e3d00c,2026-09-18 01:51:02.955 -0700,USER_1038,CHECKOUT,1307,Desktop,Milan,0.10,FALSE
fe9646d0-f145-4186-855b-68078f25daac,2026-09-20 01:51:02.955 -0700,USER_1128,PASSWORD_RESET,1353,Mobile,New Delhi,0.33,FALSE
51742211-98f3-40c2-9c3a-1a02ee37d3eb,2026-09-08 01:51:02.955 -0700,USER_1102,PURCHASE,368,Mobile,Milan,0.97,TRUE
e4d1838a-8e4a-4d3e-9a6c-b1f73e213a80,2026-09-07 01:51:02.955 -0700,USER_1090,CHECKOUT,1272,Mobile,New Delhi,0.52,FALSE
30783d1d-d769-4586-aa3e-d7b929a2f920,2026-09-07 01:51:02.955 -0700,USER_1048,PURCHASE,350,Mobile,New Delhi,0.19,FALSE
4afeed9a-b4b0-4c16-9dd5-b15da9f72bdf,2026-10-01 01:51:02.955 -0700,USER_1037,PURCHASE,521,Desktop,Turin,0.49,FALSE
6c0c8fbf-41ca-41ed-a3fd-03809cccf364,2026-09-05 01:51:02.955 -0700,USER_1047,CHECKOUT,465,Tablet,New Delhi,0.42,FALSE
5214d880-6664-4393-b8ce-d87f618c0c74,2026-09-03 01:51:02.955 -0700,USER_1010,LOGIN,214,Tablet,New Delhi,0.61,FALSE
9bad5441-d9f6-446e-8a3d-3e6ec18fda72,2026-09-26 01:51:02.955 -0700,USER_1115,PASSWORD_RESET,1016,Mobile,Rome,0.30,FALSE
963fb2b0-dc10-488c-b413-c96451e5b84d,2026-09-02 01:51:02.955 -0700,USER_1133,CHECKOUT,1217,Mobile,Turin,0.80,TRUE
f6c2a12e-3079-484d-b921-117bff7c32a3,2026-09-15 01:51:02.955 -0700,USER_1093,PASSWORD_RESET,325,Desktop,Rome,0.23,FALSE
6f95492f-dbbb-45ec-baa1-99b0c251fc61,2026-09-30 01:51:02.955 -0700,USER_1102,CHECKOUT,1456,Mobile,Rome,0.64,FALSE
91477af9-219e-4f27-8b20-32ad187b5c2a,2026-09-30 01:51:02.955 -0700,USER_1045,PASSWORD_RESET,819,Tablet,New Delhi,0.71,FALSE
aab97de9-2c9d-4ea0-843e-857ad352d0d0,2026-09-06 01:51:02.955 -0700,USER_1031,CHECKOUT,1242,Tablet,New Delhi,0.54,FALSE
4180f886-25c1-4d0a-a0e4-eaccfdfc23a2,2026-09-18 01:51:02.955 -0700,USER_1046,PURCHASE,1325,Desktop,Rome,0.54,FALSE
71ada2b0-b75e-4f06-a088-36e232b462a2,2026-09-20 01:51:02.955 -0700,USER_1035,PURCHASE,291,Desktop,Hyderabad,0.09,FALSE
9ecc55e0-aefe-425f-8a8a-a5aa3c786bf7,2026-09-08 01:51:02.955 -0700,USER_1041,CHECKOUT,232,Tablet,New Delhi,0.63,FALSE
d1ac9742-6698-4496-ab71-472d1dced436,2026-09-16 01:51:02.955 -0700,USER_1107,LOGIN,36,Tablet,Turin,0.73,FALSE
0dd76dc2-fbc0-4572-a7cd-a03c3886f86c,2026-09-25 01:51:02.955 -0700,USER_1021,PASSWORD_RESET,498,Mobile,New Delhi,0.02,FALSE
5c9c35ec-7cbb-4ccf-89ca-4d359d95fc04,2026-09-12 01:51:02.955 -0700,USER_1009,LOGIN,1143,Mobile,Rome,0.63,FALSE
b053a060-f5a4-440d-a64c-7eca548a5f27,2026-09-13 01:51:02.955 -0700,USER_1088,PASSWORD_RESET,993,Mobile,Milan,0.43,FALSE
99c82cfa-b34e-41ca-8d5c-4f9bebc04e78,2026-09-14 01:51:02.955 -0700,USER_1127,PURCHASE,546,Mobile,Hyderabad,0.21,FALSE
7e1e1ef1-b308-4e11-90e2-561f49e4db38,2026-09-25 01:51:02.955 -0700,USER_1084,PURCHASE,1316,Tablet,Milan,0.90,TRUE
1a10fd14-a898-4e4e-b389-de3dc6eb9bb6,2026-09-09 01:51:02.955 -0700,USER_1075,PURCHASE,1017,Desktop,Hyderabad,0.46,FALSE
7a908451-5ac7-434d-ac4a-4ef24a7c76ec,2026-09-02 01:51:02.955 -0700,USER_1015,PASSWORD_RESET,549,Mobile,Rome,0.21,FALSE
06a10f07-f6da-46d7-832b-cafa36d4da15,2026-09-09 01:51:02.955 -0700,USER_1128,CHECKOUT,988,Desktop,Rome,0.56,FALSE
fd35fdde-6034-487d-b207-4b3294b142c7,2026-09-26 01:51:02.955 -0700,USER_1145,CHECKOUT,1156,Desktop,Rome,0.05,FALSE
48c34a6a-a3d8-437a-8fed-43a2381273e7,2026-09-17 01:51:02.955 -0700,USER_1147,CHECKOUT,865,Tablet,New Delhi,0.24,FALSE
c7a5564a-c832-4a97-a590-204ce1c0be9b,2026-09-20 01:51:02.955 -0700,USER_1090,LOGIN,664,Tablet,Rome,0.30,FALSE
0c18a0ad-bf55-4cbc-9194-6f6de61e33bc,2026-10-01 01:51:02.955 -0700,USER_1052,PASSWORD_RESET,295,Mobile,Rome,0.01,FALSE
429834c8-e247-4cc2-8819-f4659fdca74c,2026-09-23 01:51:02.955 -0700,USER_1141,PURCHASE,527,Mobile,Turin,0.79,TRUE
925425d5-1deb-4c77-ba64-06b138c067fe,2026-09-17 01:51:02.955 -0700,USER_1095,PASSWORD_RESET,691,Mobile,Turin,0.90,TRUE
30627c51-86c9-40de-bf26-00e3c7d4947d,2026-09-08 01:51:02.955 -0700,USER_1102,PASSWORD_RESET,1245,Mobile,New Delhi,0.32,FALSE
7acf5c4f-ec0d-463c-8c4b-7e9cdae1f34d,2026-09-04 01:51:02.955 -0700,USER_1006,PURCHASE,1311,Desktop,Milan,0.67,FALSE
47186766-16ab-40d1-96d6-3dfb9da0ada3,2026-09-10 01:51:02.955 -0700,USER_1131,PASSWORD_RESET,477,Desktop,Turin,0.28,FALSE
6f23ae47-99c0-4dc5-a8fe-e69f62d16cff,2026-09-02 01:51:02.955 -0700,USER_1134,PASSWORD_RESET,205,Tablet,Milan,0.02,FALSE
ff568ce1-8ef3-4238-b5ef-257ed459353b,2026-10-01 01:51:02.955 -0700,USER_1088,PASSWORD_RESET,817,Desktop,Hyderabad,0.82,TRUE
bbe6b7c2-11d2-406c-a9b1-28b72ddcdfe1,2026-09-14 01:51:02.955 -0700,USER_1074,LOGIN,1440,Desktop,Turin,0.92,TRUE
1576afba-e337-44e4-83b9-77e70f5b5f8b,2026-09-06 01:51:02.955 -0700,USER_1143,LOGIN,951,Tablet,New Delhi,0.72,FALSE
5bfa1584-a3a2-4054-9766-01ccc2aebbcb,2026-09-15 01:51:02.955 -0700,USER_1144,CHECKOUT,650,Mobile,New Delhi,0.52,FALSE
e7cfaeb8-f0e2-4b1c-8e0e-2157be844134,2026-09-30 01:51:02.955 -0700,USER_1075,CHECKOUT,1126,Mobile,Rome,0.18,FALSE
2fcdc3b4-f929-403d-851b-9f688fc2ad92,2026-09-22 01:51:02.955 -0700,USER_1000,CHECKOUT,1079,Desktop,Hyderabad,0.76,TRUE
2260a02c-db46-45d6-b97e-3a28d8be8998,2026-09-06 01:51:02.955 -0700,USER_1087,PURCHASE,1033,Desktop,Rome,0.78,TRUE
81e7a77d-5e7a-4459-9cac-a741df0f4c76,2026-09-29 01:51:02.955 -0700,USER_1004,PURCHASE,1345,Mobile,Hyderabad,0.59,FALSE
e92e0fb7-58f7-4200-b8d5-33d2ce4c1381,2026-09-21 01:51:02.955 -0700,USER_1148,CHECKOUT,1265,Tablet,Milan,0.34,FALSE
79a82bf5-6c01-4bb3-acd5-90960371d3be,2026-10-01 01:51:02.955 -0700,USER_1039,PASSWORD_RESET,152,Mobile,Milan,0.64,FALSE
e98c03c9-281e-44aa-93f4-c93234eadec4,2026-09-05 01:51:02.955 -0700,USER_1132,LOGIN,1185,Desktop,Rome,0.76,TRUE
d3a3b92a-65ce-4431-9ba2-30cb5dad8bf9,2026-09-14 01:51:02.955 -0700,USER_1032,PURCHASE,1031,Desktop,Hyderabad,0.87,TRUE
1fd472ff-0327-4762-8593-9bc6ed570741,2026-09-05 01:51:02.955 -0700,USER_1056,PURCHASE,1166,Mobile,Milan,0.21,FALSE
c435c8c4-81c4-451f-9367-92c4872cbd8a,2026-09-25 01:51:02.955 -0700,USER_1048,PASSWORD_RESET,337,Desktop,Rome,0.37,FALSE
7f1e0f6d-ca14-4104-a363-02917621d67a,2026-09-02 01:51:02.955 -0700,USER_1093,CHECKOUT,1383,Tablet,Hyderabad,0.54,FALSE
98f03c9f-6547-4e88-a4b2-386e42e356b8,2026-09-08 01:51:02.955 -0700,USER_1036,CHECKOUT,298,Tablet,Hyderabad,0.25,FALSE
6d3f11a0-c75d-4e74-9671-9791e06e471d,2026-09-13 01:51:02.955 -0700,USER_1097,LOGIN,1478,Tablet,New Delhi,0.95,TRUE
43e3c762-19f8-4c7d-af4e-2f821ef60381,2026-09-18 01:51:02.955 -0700,USER_1061,PURCHASE,394,Tablet,Rome,0.36,FALSE
f13f3e25-b069-4902-a71a-586a36da1911,2026-09-08 01:51:02.955 -0700,USER_1055,LOGIN,1166,Tablet,Milan,0.38,FALSE
c6c1c9d1-1966-45df-a5ce-e9fb63a830ed,2026-09-16 01:51:02.955 -0700,USER_1028,PURCHASE,753,Desktop,Turin,0.68,FALSE
97b2141c-62e9-4bfc-86e7-f7dccdfe255a,2026-09-22 01:51:02.955 -0700,USER_1137,PASSWORD_RESET,1031,Mobile,Milan,0.37,FALSE
435fc148-ca84-4414-a7e1-7170cc60e3d6,2026-09-13 01:51:02.955 -0700,USER_1045,PASSWORD_RESET,870,Desktop,New Delhi,0.41,FALSE
82ee0a57-af12-4171-b25b-4a22029df5de,2026-09-28 01:51:02.955 -0700,USER_1011,PASSWORD_RESET,25,Tablet,New Delhi,0.52,FALSE
3272b630-e34f-4f11-9b9a-031a8f97da7e,2026-09-07 01:51:02.955 -0700,USER_1061,PASSWORD_RESET,783,Tablet,Turin,0.32,FALSE
db08c3b7-f369-488d-889d-666b0905407c,2026-09-02 01:51:02.955 -0700,USER_1106,LOGIN,929,Mobile,Milan,0.79,TRUE
9f01fda8-afe4-4a42-88d8-fb7dbcfe88ee,2026-09-17 01:51:02.955 -0700,USER_1135,PURCHASE,1234,Tablet,Hyderabad,0.43,FALSE
0737c8a6-4328-4430-af9d-c45791098d63,2026-09-10 01:51:02.955 -0700,USER_1039,PASSWORD_RESET,16,Mobile,Hyderabad,0.75,FALSE
7ea85c44-a57d-46c9-a48b-efab691818fd,2026-09-16 01:51:02.955 -0700,USER_1098,PURCHASE,105,Desktop,Turin,0.97,TRUE
313dbfd9-7a10-49bd-90fe-f0b1615d3105,2026-09-02 01:51:02.955 -0700,USER_1100,LOGIN,201,Desktop,Hyderabad,0.78,TRUE
44f44efa-32d1-423a-bcca-b93c012ba849,2026-09-19 01:51:02.955 -0700,USER_1075,CHECKOUT,722,Mobile,Milan,0.82,TRUE
ee27781a-a99e-48db-b3d3-a61ea40b7c15,2026-09-30 01:51:02.955 -0700,USER_1136,CHECKOUT,1015,Tablet,Rome,0.58,FALSE
5272d4e3-d952-4fbb-b567-1a1086e989df,2026-09-20 01:51:02.955 -0700,USER_1144,CHECKOUT,367,Mobile,Rome,0.22,FALSE
fd646be1-7358-4166-95c7-d01c227cb2f2,2026-09-23 01:51:02.955 -0700,USER_1018,PURCHASE,972,Desktop,New Delhi,0.24,FALSE
0c7cef9f-b3b9-43e5-a041-fb47ce8ca15a,2026-09-20 01:51:02.955 -0700,USER_1092,PURCHASE,812,Mobile,Turin,0.80,TRUE
736ec880-0e3f-40ba-9841-92953f904969,2026-09-19 01:51:02.955 -0700,USER_1061,PURCHASE,998,Desktop,Turin,0.42,FALSE
532c5a7d-7d7f-4e19-8a7a-d3550176c908,2026-09-05 01:51:02.955 -0700,USER_1001,PASSWORD_RESET,541,Tablet,Hyderabad,0.23,FALSE
34163511-3187-49e6-ac80-0cde2e7803d4,2026-09-23 01:51:02.955 -0700,USER_1132,CHECKOUT,297,Tablet,Rome,0.87,TRUE
ebaaee2f-fb22-4de5-a7b6-d872bd5e0bdb,2026-09-12 01:51:02.955 -0700,USER_1093,CHECKOUT,642,Desktop,Milan,0.07,FALSE
11cabe5f-b85f-44f5-a45a-5a0c5ebf52d8,2026-09-26 01:51:02.955 -0700,USER_1108,CHECKOUT,702,Tablet,Hyderabad,0.90,TRUE
ae884ee5-b274-4a6e-9b20-b6c4ad7c4efe,2026-09-13 01:51:02.955 -0700,USER_1028,CHECKOUT,333,Desktop,Rome,0.63,FALSE
226cd043-aaad-4b03-9449-ef48d5512bc7,2026-09-02 01:51:02.955 -0700,USER_1009,CHECKOUT,1215,Tablet,Turin,0.76,TRUE
39974f83-1f5b-4755-b229-08ccf83d32d9,2026-09-06 01:51:02.955 -0700,USER_1045,PURCHASE,1352,Tablet,Rome,0.67,FALSE
0c528b28-703c-4b61-8bae-5147cbc3562e,2026-09-17 01:51:02.955 -0700,USER_1142,LOGIN,765,Tablet,Milan,0.17,FALSE
6c68146c-70cd-4874-9def-2a017ea94beb,2026-09-04 01:51:02.955 -0700,USER_1008,CHECKOUT,1094,Mobile,Hyderabad,0.15,FALSE
57163799-e9b0-46d6-ae98-abb7e96a3c9e,2026-09-18 01:51:02.955 -0700,USER_1149,PASSWORD_RESET,583,Mobile,Milan,0.43,FALSE
b87f1fc6-6639-48b6-b570-5a5f8261fd5b,2026-09-27 01:51:02.955 -0700,USER_1111,PASSWORD_RESET,1014,Tablet,Milan,0.58,FALSE
9dd445a8-1b8a-4a63-895f-979a2b8dfc8d,2026-09-02 01:51:02.955 -0700,USER_1043,LOGIN,571,Tablet,New Delhi,0.78,TRUE
20b618a1-2aca-43b0-afab-09d07e6bfc20,2026-09-22 01:51:02.955 -0700,USER_1076,PASSWORD_RESET,314,Tablet,Milan,0.64,FALSE
bbd76731-7275-4ede-8285-91a9515979c9,2026-09-05 01:51:02.955 -0700,USER_1149,PASSWORD_RESET,271,Tablet,Milan,0.11,FALSE
ddf77250-1657-458d-91e9-5063d1e71edf,2026-09-03 01:51:02.955 -0700,USER_1146,PURCHASE,1110,Desktop,Rome,0.57,FALSE
7b238974-1e32-4524-bbf4-11c2b99d3974,2026-09-04 01:51:02.955 -0700,USER_1139,PASSWORD_RESET,638,Mobile,Rome,0.35,FALSE
b4ad77d0-427f-4fdb-a706-e7c30020a76d,2026-09-03 01:51:02.955 -0700,USER_1027,PASSWORD_RESET,718,Desktop,Turin,0.11,FALSE
b6998827-e3a7-4f20-b14e-5a8c7d62444b,2026-09-28 01:51:02.955 -0700,USER_1113,CHECKOUT,85,Tablet,Rome,0.55,FALSE
18e2301f-6d41-4585-bfe4-772acd2b35be,2026-09-02 01:51:02.955 -0700,USER_1079,PASSWORD_RESET,284,Desktop,Turin,0.55,FALSE
7695927c-48b3-47b3-bbc4-10fef123905a,2026-09-27 01:51:02.955 -0700,USER_1032,CHECKOUT,196,Desktop,Hyderabad,0.23,FALSE
680d7dff-d115-4906-853b-65f5be7ba541,2026-10-01 01:51:02.955 -0700,USER_1114,CHECKOUT,131,Tablet,New Delhi,0.91,TRUE
17d8324c-3913-4023-bc74-dd294245306b,2026-09-26 01:51:02.955 -0700,USER_1037,PURCHASE,1336,Mobile,Turin,0.64,FALSE
c5561fd5-1076-4f2d-88fe-b41bc6806a33,2026-09-12 01:51:02.955 -0700,USER_1049,LOGIN,544,Tablet,New Delhi,0.89,TRUE
17d8a204-a165-4eb6-a1ae-a00d8f3f5293,2026-09-09 01:51:02.955 -0700,USER_1018,PASSWORD_RESET,986,Tablet,Milan,0.03,FALSE
c4989580-e36f-4ee3-9c5f-9019ecdf7d6c,2026-09-07 01:51:02.955 -0700,USER_1062,PASSWORD_RESET,1107,Tablet,Rome,0.54,FALSE
7a4541a7-34b7-4289-94d5-5d92b17b7539,2026-09-12 01:51:02.955 -0700,USER_1026,PURCHASE,662,Mobile,Rome,0.24,FALSE
7998b6a0-6f10-45f8-8c06-1396e86a3ca6,2026-09-06 01:51:02.955 -0700,USER_1035,PURCHASE,1452,Desktop,Rome,0.76,TRUE
c9a871e7-9fc8-4cf9-b94e-f20f07e023f7,2026-10-01 01:51:02.955 -0700,USER_1103,LOGIN,590,Tablet,Rome,0.28,FALSE
e900faf9-5396-479a-bf67-f2cfcfc0ac17,2026-09-21 01:51:02.955 -0700,USER_1047,LOGIN,366,Desktop,New Delhi,0.99,TRUE
84c4a72f-07fb-40cf-81f8-8c3293ae94ba,2026-09-15 01:51:02.955 -0700,USER_1003,PASSWORD_RESET,507,Tablet,Rome,0.32,FALSE
ae0c6632-267f-450d-bd95-b9a70e0a54e7,2026-09-23 01:51:02.955 -0700,USER_1076,LOGIN,326,Tablet,Milan,0.85,TRUE
cf89053f-bb3a-4f88-855d-10bb6b9682a1,2026-09-25 01:51:02.955 -0700,USER_1133,CHECKOUT,133,Desktop,Rome,0.63,FALSE
4488eab0-cfd1-43ad-a272-2afca973947b,2026-09-04 01:51:02.955 -0700,USER_1128,PASSWORD_RESET,300,Desktop,Hyderabad,0.18,FALSE
bb33739d-43bf-4aff-afaa-f34e868a4499,2026-09-17 01:51:02.955 -0700,USER_1090,LOGIN,33,Desktop,Rome,0.90,TRUE
b0568515-1513-4f65-bca4-61370fe5535d,2026-09-20 01:51:02.955 -0700,USER_1007,PURCHASE,559,Mobile,Turin,0.95,TRUE
49ab3ac8-e412-47e8-8c55-517de95f5313,2026-09-15 01:51:02.955 -0700,USER_1124,PASSWORD_RESET,396,Desktop,New Delhi,0.84,TRUE
36187e36-80ad-40f5-a10e-58aed84b664f,2026-09-20 01:51:02.955 -0700,USER_1136,LOGIN,534,Tablet,Rome,0.97,TRUE
21250410-a538-4f91-8bc0-3b4e1f8da62f,2026-09-05 01:51:02.955 -0700,USER_1097,LOGIN,774,Desktop,Turin,0.08,FALSE
32b13a5f-fb3b-4080-8ef1-a2c5a1d01d0c,2026-09-07 01:51:02.955 -0700,USER_1029,CHECKOUT,1095,Mobile,New Delhi,0.70,FALSE
618135a7-4887-497a-8502-afb6d9bccb4c,2026-10-01 01:51:02.955 -0700,USER_1081,PASSWORD_RESET,1365,Tablet,New Delhi,0.57,FALSE
91295a57-24de-430a-b622-9b95141c8295,2026-09-26 01:51:02.955 -0700,USER_1057,LOGIN,1199,Mobile,Rome,0.22,FALSE
5cf0da81-6821-4de9-b2ce-d41439d5d046,2026-10-01 01:51:02.955 -0700,USER_1070,CHECKOUT,1130,Mobile,Rome,0.77,TRUE
7eb2d4df-5ed1-4abc-bc61-1c95d76eb6f8,2026-09-03 01:51:02.955 -0700,USER_1101,PASSWORD_RESET,500,Mobile,Milan,0.61,FALSE
c381006e-2b8f-45a9-9300-b8ba8bc302bf,2026-09-25 01:51:02.955 -0700,USER_1000,CHECKOUT,1249,Tablet,Rome,0.68,FALSE
f768176e-838b-45a0-befb-bc52a647258d,2026-09-26 01:51:02.955 -0700,USER_1023,PURCHASE,669,Desktop,Hyderabad,0.01,FALSE
3bd9993d-14db-4031-a0cd-02ced909bfa2,2026-09-26 01:51:02.955 -0700,USER_1057,CHECKOUT,723,Mobile,Hyderabad,0.81,TRUE
7a03abd1-32f2-4890-b17c-95de124d37c7,2026-09-27 01:51:02.955 -0700,USER_1112,PURCHASE,121,Tablet,Hyderabad,0.75,FALSE
c41125f4-4d5c-4817-878b-96913f5a92e0,2026-09-14 01:51:02.955 -0700,USER_1089,PASSWORD_RESET,585,Mobile,Rome,0.74,FALSE
4dd94ad1-f533-43a7-9bbc-27718b2128a6,2026-09-30 01:51:02.955 -0700,USER_1105,PURCHASE,526,Tablet,Hyderabad,0.81,TRUE
12e76007-3116-4605-976b-8aa0b9b4deb2,2026-09-26 01:51:02.955 -0700,USER_1021,CHECKOUT,1239,Desktop,Turin,0.71,FALSE
4503eeb5-274f-49f1-8d04-893f217dde0b,2026-09-30 01:51:02.955 -0700,USER_1091,PURCHASE,417,Tablet,Milan,0.17,FALSE
9038f6ff-f9ec-41b7-8816-145085b28707,2026-09-30 01:51:02.955 -0700,USER_1000,PASSWORD_RESET,263,Tablet,Milan,0.52,FALSE
eedf16cd-0460-4c36-91ab-8a01396f8890,2026-09-29 01:51:02.955 -0700,USER_1077,CHECKOUT,245,Tablet,New Delhi,0.52,FALSE
af1732c4-9f58-4bf6-afc7-c7bf005a2776,2026-09-13 01:51:02.955 -0700,USER_1048,PURCHASE,558,Desktop,Turin,0.04,FALSE
cdab4f10-3e4a-48d6-9587-694d262f90a5,2026-09-04 01:51:02.955 -0700,USER_1108,LOGIN,729,Mobile,Milan,0.01,FALSE
c8b2cddf-27d1-463b-aee0-225dda854cdc,2026-09-06 01:51:02.955 -0700,USER_1070,PURCHASE,354,Tablet,Turin,0.32,FALSE
c390f501-30c0-49a1-8a62-545fb5830171,2026-09-20 01:51:02.955 -0700,USER_1065,PASSWORD_RESET,1215,Mobile,Rome,0.34,FALSE
d21b0e97-5029-4371-bb20-c3ee586fe09c,2026-09-23 01:51:02.955 -0700,USER_1005,LOGIN,169,Tablet,Hyderabad,0.94,TRUE
23dcc982-8597-458d-ab25-97762e6ea3b2,2026-09-11 01:51:02.955 -0700,USER_1101,PASSWORD_RESET,627,Tablet,New Delhi,0.31,FALSE
f63fce0e-75b7-4a8e-bfbb-6b4e20c1f549,2026-09-15 01:51:02.955 -0700,USER_1105,LOGIN,1209,Desktop,Turin,0.44,FALSE
790fc1e8-369e-463a-9252-67474d58ee18,2026-09-29 01:51:02.955 -0700,USER_1116,LOGIN,866,Desktop,New Delhi,0.17,FALSE
07093f45-18f5-4898-9b8f-42dd8c83351f,2026-09-27 01:51:02.955 -0700,USER_1107,LOGIN,1426,Tablet,Rome,0.19,FALSE
4f26da1d-f3d0-4086-973e-669449200b02,2026-09-20 01:51:02.955 -0700,USER_1013,LOGIN,160,Desktop,Hyderabad,0.02,FALSE
97463c12-9e9b-4bcc-840d-1f873b5db950,2026-09-20 01:51:02.955 -0700,USER_1148,LOGIN,1338,Tablet,Turin,0.37,FALSE
6027158c-6c33-44d4-ae94-1d8ec9013f8b,2026-09-25 01:51:02.955 -0700,USER_1141,PURCHASE,511,Desktop,Rome,0.44,FALSE
e5efc796-95ae-400c-b872-d5a8ceb0b2c6,2026-09-26 01:51:02.955 -0700,USER_1124,PURCHASE,698,Tablet,Turin,0.74,FALSE
f0e9649c-5b85-455d-a908-cd22a3a51b9c,2026-09-28 01:51:02.955 -0700,USER_1082,CHECKOUT,277,Mobile,Turin,0.83,TRUE
7dfd8931-e849-4be4-9e39-25552246a310,2026-09-20 01:51:02.955 -0700,USER_1026,PURCHASE,665,Desktop,Hyderabad,0.82,TRUE
ec84488b-670a-4731-b051-f97eff16ff8f,2026-09-20 01:51:02.955 -0700,USER_1146,CHECKOUT,82,Tablet,Turin,0.44,FALSE
773f9d22-a1b4-4be6-9c35-6e5061c1512f,2026-09-23 01:51:02.955 -0700,USER_1037,CHECKOUT,478,Desktop,Milan,0.02,FALSE
94bb7a06-ef9e-44bc-b604-e792aff4a6f4,2026-09-25 01:51:02.955 -0700,USER_1071,LOGIN,110,Desktop,Turin,0.57,FALSE
790fe155-b3ab-4922-a960-1eb13475d7b7,2026-09-19 01:51:02.955 -0700,USER_1136,PASSWORD_RESET,964,Desktop,New Delhi,0.88,TRUE
2f3951a9-4a2f-4575-be0f-1487c83cd114,2026-09-28 01:51:02.955 -0700,USER_1124,LOGIN,305,Mobile,Turin,0.24,FALSE
4db8d1dc-ffc6-48a8-a35b-2452e6b0e9a1,2026-09-22 01:51:02.955 -0700,USER_1029,CHECKOUT,1315,Mobile,New Delhi,0.06,FALSE
3d45bcef-f707-4d6b-a625-bab24d667a2b,2026-09-04 01:51:02.955 -0700,USER_1147,PURCHASE,205,Tablet,New Delhi,0.41,FALSE
c2371f26-506e-4ff3-88ab-59a1e7b30f8e,2026-09-13 01:51:02.955 -0700,USER_1096,PURCHASE,972,Mobile,Hyderabad,0.27,FALSE
74c0a60e-fc0a-4bbc-95c0-82d801b686a1,2026-09-28 01:51:02.955 -0700,USER_1072,PASSWORD_RESET,1288,Mobile,Rome,0.74,FALSE
b93c4096-a08b-4780-832a-994d142d3872,2026-09-30 01:51:02.955 -0700,USER_1046,LOGIN,1164,Tablet,New Delhi,0.02,FALSE
cbb17fb4-d48d-4c39-9006-a1383d832d47,2026-09-21 01:51:02.955 -0700,USER_1134,PURCHASE,373,Tablet,Turin,0.49,FALSE
7083e5fc-6bcf-4c0d-94cb-dafa872a75d1,2026-09-03 01:51:02.955 -0700,USER_1089,LOGIN,318,Desktop,New Delhi,0.65,FALSE
e94dadcc-fb37-48e9-a841-a85ad780a862,2026-09-23 01:51:02.955 -0700,USER_1133,CHECKOUT,404,Tablet,Milan,0.58,FALSE
3b878881-732c-4cd0-89c5-b97b1bf2c71e,2026-09-25 01:51:02.955 -0700,USER_1093,CHECKOUT,1271,Desktop,Hyderabad,0.44,FALSE
5e88f354-7f3b-4573-a728-8d15d1601a9b,2026-09-19 01:51:02.955 -0700,USER_1081,LOGIN,286,Desktop,Turin,0.99,TRUE
d37fbc60-643e-4398-aefe-ed0b95693eb4,2026-09-24 01:51:02.955 -0700,USER_1030,LOGIN,608,Tablet,Milan,0.36,FALSE
ce9aa1f4-8707-44d0-91e0-3e4bb46aa74f,2026-09-16 01:51:02.955 -0700,USER_1116,PASSWORD_RESET,527,Desktop,Turin,0.60,FALSE
61eef5db-6f84-4222-aba8-e592677cd2bb,2026-09-29 01:51:02.955 -0700,USER_1139,CHECKOUT,434,Mobile,Milan,0.58,FALSE
7d60988b-3cd5-4727-bdb1-5fea4bcfe419,2026-09-28 01:51:02.955 -0700,USER_1118,PURCHASE,642,Tablet,Hyderabad,0.61,FALSE
4a94c273-8caa-4abc-88f9-7b20911df5cc,2026-09-19 01:51:02.955 -0700,USER_1046,LOGIN,237,Desktop,New Delhi,0.73,FALSE
bdf325b7-df74-425c-95f3-1b07cf543bcb,2026-09-21 01:51:02.955 -0700,USER_1079,LOGIN,368,Mobile,New Delhi,0.96,TRUE
9f9d890f-2200-4316-8e4b-000cd9e61b08,2026-09-14 01:51:02.955 -0700,USER_1043,LOGIN,1197,Desktop,Hyderabad,0.13,FALSE
284abea2-245f-4f6c-84b5-ae50fcbfabf0,2026-09-26 01:51:02.955 -0700,USER_1134,PASSWORD_RESET,1222,Desktop,Milan,0.01,FALSE
d35a6950-17e2-4da0-a367-a25f0e47c820,2026-09-08 01:51:02.955 -0700,USER_1079,LOGIN,989,Mobile,Turin,0.85,TRUE
ae801ab2-2083-4b95-814a-350641dd18cb,2026-09-21 01:51:02.955 -0700,USER_1036,CHECKOUT,1427,Tablet,New Delhi,0.06,FALSE
2287a8e5-ccca-4160-854e-fe8a7b913e01,2026-09-27 01:51:02.955 -0700,USER_1102,CHECKOUT,316,Mobile,Milan,0.45,FALSE
5569d277-c16c-4cef-802f-80aabae08288,2026-09-11 01:51:02.955 -0700,USER_1071,PASSWORD_RESET,1154,Mobile,Milan,0.84,TRUE
5add6ccd-d7e8-4abc-811c-df7195669e30,2026-09-28 01:51:02.955 -0700,USER_1060,CHECKOUT,1191,Mobile,Rome,0.55,FALSE
dc8bf8ee-1f66-4b3c-b7e5-0a8fa7471c5b,2026-09-13 01:51:02.955 -0700,USER_1148,CHECKOUT,1444,Tablet,Hyderabad,0.01,FALSE
6e95429b-e75b-41e2-aa94-4206e4a0f6e4,2026-10-01 01:51:02.955 -0700,USER_1100,PASSWORD_RESET,517,Desktop,Turin,0.94,TRUE
aeee456a-fa4f-4f76-a01b-5e82a34d7a41,2026-09-15 01:51:02.955 -0700,USER_1139,PURCHASE,565,Tablet,Turin,0.16,FALSE
b2aa7227-5d7b-4dc0-ae51-9d0d3a737223,2026-09-17 01:51:02.955 -0700,USER_1124,LOGIN,971,Tablet,Hyderabad,0.47,FALSE
1479f1cb-c3b5-45fd-887b-7e900242f27a,2026-09-06 01:51:02.955 -0700,USER_1030,PURCHASE,1370,Desktop,Milan,0.63,FALSE
c6420140-89df-4176-828c-79ce14f9eae4,2026-09-23 01:51:02.955 -0700,USER_1095,LOGIN,772,Desktop,Rome,0.67,FALSE
592837b1-8095-40bd-952a-dd0b2db2d84d,2026-09-12 01:51:02.955 -0700,USER_1059,LOGIN,379,Mobile,Milan,0.72,FALSE
1331e162-1629-4449-9442-20c48979949f,2026-09-17 01:51:02.955 -0700,USER_1018,LOGIN,1029,Mobile,New Delhi,0.07,FALSE
0cc3df1d-b0eb-4b99-a708-b4211e9d34c7,2026-09-21 01:51:02.955 -0700,USER_1138,LOGIN,462,Mobile,New Delhi,0.42,FALSE
e4f00b25-a7b1-4689-bf47-d86c01910a21,2026-09-14 01:51:02.955 -0700,USER_1123,CHECKOUT,971,Tablet,New Delhi,0.95,TRUE
96797b95-a6f0-426e-8105-e86d71f96afd,2026-09-04 01:51:02.955 -0700,USER_1049,CHECKOUT,866,Desktop,Hyderabad,0.78,TRUE
5379e8e1-4d1f-431d-9058-c3eb19c49982,2026-09-17 01:51:02.955 -0700,USER_1093,PASSWORD_RESET,1394,Tablet,Hyderabad,0.47,FALSE
51c174b4-759d-4d23-8a78-7ac060783f9d,2026-09-15 01:51:02.955 -0700,USER_1010,PASSWORD_RESET,1412,Tablet,Rome,0.11,FALSE
7b49cb68-547e-47da-ad1e-760d8ee23c14,2026-09-04 01:51:02.955 -0700,USER_1014,PURCHASE,1007,Mobile,Hyderabad,0.04,FALSE
f2854d8b-4b83-4636-9ba0-ed2a8decee1e,2026-09-03 01:51:02.955 -0700,USER_1070,LOGIN,695,Mobile,Hyderabad,0.78,TRUE
5f026a93-0e9e-41cb-aaab-0fa4b342b12a,2026-09-22 01:51:02.955 -0700,USER_1072,LOGIN,836,Tablet,Turin,0.47,FALSE
8d10b206-3069-4627-84b6-d9f63750a56b,2026-09-24 01:51:02.955 -0700,USER_1039,LOGIN,619,Mobile,Turin,0.94,TRUE
24a84c0d-f880-4220-b9f5-2f62d466df61,2026-09-02 01:51:02.955 -0700,USER_1001,PURCHASE,623,Desktop,Turin,0.29,FALSE
861c42e7-a9a7-4eef-bb5e-9e8d9c81a867,2026-09-14 01:51:02.955 -0700,USER_1117,PASSWORD_RESET,135,Mobile,Rome,0.92,TRUE
1a0a85a5-e8fe-477b-90d4-3770e2c82842,2026-09-10 01:51:02.955 -0700,USER_1018,CHECKOUT,667,Mobile,Milan,0.90,TRUE
460d670c-1183-46cf-9857-54ce31073ec2,2026-09-21 01:51:02.955 -0700,USER_1010,CHECKOUT,576,Desktop,New Delhi,0.67,FALSE
c51efbb2-3881-4716-be53-66003e4282f5,2026-09-07 01:51:02.955 -0700,USER_1111,PURCHASE,943,Tablet,Hyderabad,0.38,FALSE
c4e5d29b-a075-4c69-914c-0d6151f51c84,2026-09-06 01:51:02.955 -0700,USER_1020,LOGIN,433,Desktop,Turin,0.55,FALSE
a2d2abd7-750a-4992-b015-25e7a2bac556,2026-09-13 01:51:02.955 -0700,USER_1113,LOGIN,1496,Tablet,Rome,0.49,FALSE
802fec19-37e5-4552-8d3e-1130562af4f1,2026-09-19 01:51:02.955 -0700,USER_1088,LOGIN,517,Desktop,New Delhi,0.61,FALSE
59086e65-3ba5-4509-8c3e-3e1c450d69a6,2026-09-15 01:51:02.955 -0700,USER_1001,PASSWORD_RESET,333,Desktop,New Delhi,0.04,FALSE
bb5dbda6-30dd-445a-8ba0-3648035ed444,2026-09-09 01:51:02.955 -0700,USER_1136,PURCHASE,28,Mobile,Milan,0.37,FALSE
3698c5f7-1f1e-4c39-a18b-855061916334,2026-09-18 01:51:02.955 -0700,USER_1134,LOGIN,356,Mobile,Milan,0.63,FALSE
ab571af5-4a1a-4ff1-8763-4acd5170010b,2026-09-18 01:51:02.955 -0700,USER_1136,PURCHASE,773,Mobile,Milan,0.31,FALSE
adafc38b-e974-458c-986e-1b8ddbfe1173,2026-09-26 01:51:02.955 -0700,USER_1107,CHECKOUT,1299,Mobile,Hyderabad,0.57,FALSE
7b619488-2e15-4667-a80e-3efbfd2eefd2,2026-09-02 01:51:02.955 -0700,USER_1094,PASSWORD_RESET,31,Desktop,Rome,0.76,TRUE
fa96b849-9515-470a-9610-b4a4d9f4b0aa,2026-09-18 01:51:02.955 -0700,USER_1055,LOGIN,862,Mobile,Hyderabad,0.84,TRUE
e04e6fbd-e8a8-425f-b78f-676ae9ee1ed2,2026-09-27 01:51:02.955 -0700,USER_1106,PURCHASE,550,Desktop,Hyderabad,0.33,FALSE
0b148006-6d49-47bc-95b8-b25c60e3277c,2026-09-13 01:51:02.955 -0700,USER_1141,CHECKOUT,1352,Mobile,New Delhi,0.39,FALSE
98cb3d25-1bd9-436c-9a10-77a9c7762029,2026-09-07 01:51:02.955 -0700,USER_1009,PURCHASE,1419,Tablet,Turin,0.33,FALSE
46c4054c-ab3d-4b96-83b1-6017e6937411,2026-09-05 01:51:02.955 -0700,USER_1034,PURCHASE,179,Tablet,Turin,0.74,FALSE
83ee3611-d624-4b7e-9afa-a06dcde6c500,2026-09-16 01:51:02.955 -0700,USER_1016,PASSWORD_RESET,789,Tablet,Turin,0.50,FALSE
6c2c199e-4705-4feb-b1a6-3b9d441959fe,2026-09-29 01:51:02.955 -0700,USER_1127,LOGIN,1305,Tablet,New Delhi,0.53,FALSE
2e0ffd74-d526-4da5-b959-fbc8575b7520,2026-09-11 01:51:02.955 -0700,USER_1097,CHECKOUT,1235,Mobile,New Delhi,0.31,FALSE
418222bf-7d74-401e-bceb-acd8c95a89b6,2026-09-26 01:51:02.955 -0700,USER_1114,PASSWORD_RESET,278,Desktop,Milan,0.41,FALSE
2fa9ab3c-90d5-4c71-b1ff-269db77b228f,2026-09-12 01:51:02.955 -0700,USER_1001,CHECKOUT,81,Tablet,Turin,0.65,FALSE
9ed89164-5e72-40db-8a45-bd9445edb278,2026-09-25 01:51:02.955 -0700,USER_1080,PASSWORD_RESET,586,Tablet,Turin,0.68,FALSE
4fdacdf1-3649-4d32-ab2b-bb83f5770624,2026-09-15 01:51:02.955 -0700,USER_1099,PASSWORD_RESET,493,Tablet,Milan,0.09,FALSE
1e174077-73e1-4a14-a94d-3fb431ec5d70,2026-09-28 01:51:02.955 -0700,USER_1064,PURCHASE,717,Tablet,Milan,0.37,FALSE
60fb08cb-87e2-439b-9487-40d9be6360bd,2026-09-29 01:51:02.955 -0700,USER_1006,CHECKOUT,178,Desktop,Rome,0.76,TRUE
d8cc0035-eb0e-41e3-b26b-1188bfed4ce8,2026-09-11 01:51:02.955 -0700,USER_1008,LOGIN,1487,Mobile,New Delhi,0.87,TRUE
daa9d9d0-6f3b-4314-8a61-a944bca0386b,2026-09-12 01:51:02.955 -0700,USER_1031,CHECKOUT,529,Tablet,Milan,0.11,FALSE
704ad810-2c37-4d23-990f-d17be2af5ef6,2026-09-27 01:51:02.955 -0700,USER_1075,LOGIN,591,Tablet,Hyderabad,0.13,FALSE
174d7715-f8fc-4b0b-9594-b11fe4211417,2026-09-25 01:51:02.955 -0700,USER_1130,LOGIN,388,Mobile,Hyderabad,0.18,FALSE
45b61fa7-3cf7-4cc9-a28c-9a5bb2845ac9,2026-09-12 01:51:02.955 -0700,USER_1017,LOGIN,1232,Tablet,New Delhi,0.04,FALSE
5c4d337e-192a-4726-98f1-22caa06cf530,2026-09-07 01:51:02.955 -0700,USER_1022,CHECKOUT,809,Desktop,Turin,0.69,FALSE
d74a7c35-c8f9-4324-a55c-292c8e91eabb,2026-09-15 01:51:02.955 -0700,USER_1043,PURCHASE,951,Tablet,Milan,0.27,FALSE
6dbf04aa-cc26-4758-82c2-82892bab9509,2026-09-27 01:51:02.955 -0700,USER_1020,CHECKOUT,149,Tablet,Turin,0.53,FALSE
30af171a-ab38-44cf-b34e-8b99f7cf5004,2026-09-15 01:51:02.955 -0700,USER_1010,LOGIN,528,Mobile,Rome,0.47,FALSE
66c7975f-46c3-4624-ade5-b043cff07d76,2026-09-03 01:51:02.955 -0700,USER_1138,PURCHASE,1363,Tablet,Milan,0.23,FALSE
490ae3c2-04b8-409b-b3cb-52492ff8f5ea,2026-09-09 01:51:02.955 -0700,USER_1048,PURCHASE,1338,Desktop,Milan,0.14,FALSE
8d6ab76f-6494-4931-b447-f63a9e05be49,2026-09-21 01:51:02.955 -0700,USER_1096,PASSWORD_RESET,81,Mobile,Rome,0.26,FALSE
94779dcb-7573-4561-a083-3b1997484a2c,2026-09-09 01:51:02.955 -0700,USER_1059,CHECKOUT,787,Desktop,Milan,0.29,FALSE
cfbc940c-e3f9-4d10-b587-5a7ef920bc5b,2026-09-05 01:51:02.955 -0700,USER_1011,LOGIN,920,Mobile,Milan,0.31,FALSE
4dce19a0-8bcf-4dfb-9c61-7a57fdd34621,2026-09-15 01:51:02.955 -0700,USER_1092,PURCHASE,1233,Mobile,Turin,0.43,FALSE
570e89e0-3c8a-4b8b-a9c7-5aab2727e833,2026-09-15 01:51:02.955 -0700,USER_1059,PASSWORD_RESET,93,Mobile,Turin,0.59,FALSE
cb44aa43-0e90-4ee3-8f61-bf1c34b7cd90,2026-09-14 01:51:02.955 -0700,USER_1124,PURCHASE,1426,Desktop,Turin,0.20,FALSE
56ec435f-b22f-4cd0-b95e-a05fa02b2ff3,2026-09-20 01:51:02.955 -0700,USER_1000,PASSWORD_RESET,1349,Tablet,Rome,0.59,FALSE
